{
	"credit": "Made with Blockbench",
	"texture_size": [16, 16],
	"textures": {
		"0": "item/bishop"
	},
	"elements": [
		{
			"from": [0, 0, -1],
			"to": [16, 5, 16],
			"rotation": {"angle": 0, "axis": "y", "origin": [8, 0.5, 8]},
			"faces": {
				"north": {"uv": [0, 14, 16, 16], "texture": "#0"},
				"east": {"uv": [0, 14, 16, 16], "texture": "#0"},
				"south": {"uv": [0, 14, 16, 16], "texture": "#0"},
				"west": {"uv": [0, 14, 16, 16], "texture": "#0"},
				"up": {"uv": [0, 0, 16, 16], "texture": "#0"},
				"down": {"uv": [2, 14, 0, 16], "texture": "#0"}
			}
		},
		{
			"from": [1, 0, -2],
			"to": [15, 5, -1],
			"faces": {
				"north": {"uv": [0, 0, 7, 2.5], "texture": "#0"},
				"east": {"uv": [0, 0, 0.5, 2.5], "texture": "#0"},
				"south": {"uv": [0, 0, 7, 2.5], "texture": "#0"},
				"west": {"uv": [0, 0, 0.5, 2.5], "texture": "#0"},
				"up": {"uv": [0, 0, 7, 0.5], "texture": "#0"},
				"down": {"uv": [0, 0, 7, 0.5], "texture": "#0"}
			}
		},
		{
			"from": [2, 0, -3],
			"to": [14, 5, -2],
			"faces": {
				"north": {"uv": [0, 0, 6, 2.5], "texture": "#0"},
				"east": {"uv": [0, 0, 0.5, 2.5], "texture": "#0"},
				"south": {"uv": [0, 0, 6, 2.5], "texture": "#0"},
				"west": {"uv": [0, 0, 0.5, 2.5], "texture": "#0"},
				"up": {"uv": [0, 0, 6, 0.5], "texture": "#0"},
				"down": {"uv": [0, 0, 6, 0.5], "texture": "#0"}
			}
		},
		{
			"from": [3, 0, -4],
			"to": [13, 5, -3],
			"faces": {
				"north": {"uv": [0, 0, 5, 2.5], "texture": "#0"},
				"east": {"uv": [0, 0, 0.5, 2.5], "texture": "#0"},
				"south": {"uv": [0, 0, 5, 2.5], "texture": "#0"},
				"west": {"uv": [0, 0, 0.5, 2.5], "texture": "#0"},
				"up": {"uv": [0, 0, 5, 0.5], "texture": "#0"},
				"down": {"uv": [0, 0, 5, 0.5], "texture": "#0"}
			}
		}
	],
	"display": {
		"thirdperson_righthand": {
			"translation": [0, 2, 0],
			"scale": [0.4, 0.4, 0.4]
		},
		"ground": {
			"translation": [0, 2.5, 0],
			"scale": [0.55, 0.43, 0.55]
		},
		"gui": {
			"rotation": [-90, -180, -180],
			"translation": [0, -1.25, 0],
			"scale": [0.7, 1, 0.7]
		},
		"head": {
			"translation": [0, -9.25, 0]
		}
	}
}