{
    "parent":"minecraft:item/generated",
    "textures":{
       "layer0":"minecraft:item/paper"
    },
    "overrides":[
        {
           "predicate":{
              "custom_model_data":1
           },
           "model":"item/pawn"
        },
	{
	  "predicate":{
             "custom_model_data":2
          },
          "model":"item/lance"
	},
	{
	  "predicate":{
             "custom_model_data":3
          },
          "model":"item/gote"
	},
	{
	  "predicate":{
             "custom_model_data":4
          },
          "model":"item/rook"
	},
	{
	  "predicate":{
             "custom_model_data":5
          },
          "model":"item/promotedpawn"
	},
	{
	  "predicate":{
             "custom_model_data":6
          },
          "model":"item/promotedrook"
	},
	{
	  "predicate":{
             "custom_model_data":7
          },
          "model":"item/promotedlance"
	},
	{
	  "predicate":{
             "custom_model_data":8
          },
          "model":"item/silver"
	},
	{
	  "predicate":{
             "custom_model_data":9
          },
          "model":"item/gold"
	},
	{
	  "predicate":{
             "custom_model_data":10
          },
          "model":"item/knight"
	},
	{
	  "predicate":{
             "custom_model_data":11
          },
          "model":"item/promotedknight"
	},
	{
	  "predicate":{
             "custom_model_data":12
          },
          "model":"item/bishop"
	},
	{
	  "predicate":{
             "custom_model_data":13
          },
          "model":"item/promotedbishop"
	},
	{
	  "predicate":{
             "custom_model_data":14
          },
          "model":"item/promotedsilver"
	},
	{
	  "predicate":{
             "custom_model_data":15
          },
          "model":"item/sente"
	}
    ]
 }